size,time
100,3.6271000010401624e-05
200,0.0002509435000092708
300,0.0003319308999834902
400,0.0005813586999920517
500,0.0009164236000060555
600,0.001312732600013078
700,0.001772075300027609
800,0.002368796400037354
900,0.0029511446000014983
1000,0.0038387271000260626
2000,0.020182788400006757
3000,0.06675047410002435
4000,0.12711003399998616
5000,0.19423870699998816
6000,0.2932647057000054
7000,0.4060934233000012
8000,0.6264908612000113
9000,0.7279820467999798
10000,0.9717253606999975
