size,time
100,5.354030008675181e-05
200,0.0002131921999534825
300,0.0004414369999722112
400,0.0008020311001018854
