size,time
100,0.002207939000072656
200,0.004211435333369688
300,0.006382686666862962
400,0.008126347666196429
500,0.010449740666748161
600,0.012154918666662221
700,0.014375948333205693
800,0.016862459333121176
900,0.018735734000074444
1000,0.02007587233341231
2000,0.04545536866680777
3000,0.07042314199982987
4000,0.09776466066675009
5000,0.12697255399992477
6000,0.15781404733327994
7000,0.19106586499977615
8000,0.2255448409999493
9000,0.26558400433320156
10000,0.30698469433324743
