size,time
100,4.111633309851944e-05
200,0.00019993833363211402
300,0.0004400596665921815
400,0.0007740373333338842
500,0.0011826926665889914
600,0.0016761043334554415
700,0.0022286130000187163
800,0.002856806000030095
900,0.0035689753334130123
1000,0.004395556999346202
2000,0.023614365666314068
3000,0.051307978666651856
4000,0.08802652700008669
5000,0.13435359633331245
6000,0.19124649799990343
7000,0.2575483283335416
8000,0.33271111766680406
9000,0.42212342333368724
10000,0.513162224666606
