size,time
100,3.8680699617543723e-05
200,0.000163245099975029
300,0.0003346368999700644
400,0.0005910138997933245
500,0.0009287641998525942
600,0.0013248272998680477
700,0.001798913799939328
800,0.002418184600173845
900,0.0030664603000332136
1000,0.0038194862001546424
2000,0.021487130700188574
3000,0.06721803419986827
4000,0.12361262110025564
5000,0.1951059869999881
6000,0.2844446399001754
7000,0.38057585430015023
8000,0.5373817524996412
9000,0.6918535412001802
10000,0.9358971756999381
