size,time
100,6.386769991877373e-05
200,0.0002508702998966328
300,0.000589693199890462
400,0.0009404449000612658
