size,time
100,3.7676999454561155e-05
200,0.00014970766672680233
300,0.0003283533333160449
400,0.0005819256666654837
500,0.0009262599999904827
600,0.0013183683334621794
700,0.0017829156671117137
800,0.002330063666401353
900,0.002946800666601727
1000,0.0036569686668978343
2000,0.014561222666695054
3000,0.05124367700015379
4000,0.09045992433342083
5000,0.14126026266634048
6000,0.20273628433339277
7000,0.27484851766682067
8000,0.35993944866671274
9000,0.45606618866683374
10000,0.5594018533335353
