size,time
100,0.0022341255002174877
200,0.004241748699860182
300,0.006300368499978504
400,0.008372536700153432
500,0.01048599980022118
600,0.012419762999888917
700,0.01439337110004999
800,0.01631726300001901
900,0.0181688884000323
1000,0.02037847330011573
2000,0.045637456099757404
3000,0.07165082950014039
4000,0.10213411960030498
5000,0.12946872169995913
6000,0.16120119179977338
7000,0.19511231380038224
8000,0.2306799319001584
9000,0.26981591209987527
10000,0.3105541937000453
