size,time
20000,1.2576948191999235
30000,2.8262405287000094
40000,5.0256628593000645
50000,7.843528911699877
60000,11.301073163000092
70000,15.381643450800038
80000,20.07694729079999
90000,25.401365246099978
100000,31.387083683699984
