size,time
20000,0.5143454647999988
30000,0.8292899044000933
40000,1.291336768100018
50000,1.8089891005000482
60000,2.482797467000091
70000,3.2428020785000173
80000,4.140400891500121
90000,5.048403407999922
100000,6.134212956600004
