size,time
100,5.100133300099211e-05
200,0.00021984333397995215
300,0.00044234766634569195
400,0.0007745320005293858
500,0.00119790999997349
600,0.001720097665990276
700,0.0023106016669771634
800,0.0030125339999358403
900,0.00381006066709233
1000,0.004711256333393976
2000,0.02064509600071081
3000,0.053396393333362845
4000,0.09455362566647334
5000,0.14949614233288835
6000,0.21197478833225128
7000,0.28863424599997717
8000,0.37683728766690666
9000,0.47577499333298573
10000,0.5890368403330891
