size,time
20000,1.1817059158999654
30000,2.655634423699985
40000,4.723726247599961
50000,7.380020079999985
60000,10.637985249699932
70000,14.4821023161001
80000,18.9004107142001
90000,23.892391210999723
100000,29.55351146280018
