size,time
100,3.7326999821137484e-05
200,0.00014717300018673996
300,0.0003292286664873245
400,0.0005877456669622916
500,0.0009157559998129727
600,0.00132201133298319
700,0.001801814333096748
800,0.0023488713331971667
900,0.0029763566665981975
1000,0.0037020903331116037
2000,0.015099455999916245
3000,0.05189296333325425
4000,0.09248225833319641
5000,0.1428981233336041
6000,0.20577043766691835
7000,0.27923240099971736
8000,0.3637474233334312
9000,0.4609798343329506
10000,0.5652137390003796
