size,time
100,5.85476664127782e-05
200,0.00010562300000553175
300,0.00019498866671104528
400,0.00035034900035194977
500,0.000491124333772556
600,0.0007166123332353891
700,0.0009450180001901268
800,0.0012633500000447384
900,0.0015534056668305614
1000,0.0019042216663365252
2000,0.007477379333067802
3000,0.02712228066654158
4000,0.04777633566664008
5000,0.07469285800046539
6000,0.1070993656664238
7000,0.14586308833349904
8000,0.19039493900011925
9000,0.2375557003333597
10000,0.2944226510001802
