size,time
100,4.928089983877726e-05
200,0.00010385320001660148
300,0.00021898679988225923
400,0.0003853998003251036
500,0.0005540649002796272
600,0.0007725349001702853
700,0.0011386533002223586
800,0.001314580599864712
900,0.0016159132999746361
1000,0.0020481168001424523
2000,0.010630367400153773
3000,0.03681647080011317
4000,0.07649098159981804
5000,0.1082464824001363
6000,0.1566149502998087
7000,0.21887084250029148
8000,0.37294643509994785
9000,0.4046704200000022
10000,0.5190628395002932
