size,time
100,3.581900001563554e-05
200,0.00027505600000949927
300,0.00031789829999979703
400,0.0005646439999850372
500,0.0008737616000075831
600,0.0012612217999844687
700,0.001702424400025393
800,0.0023212573999899177
900,0.0028666607000104706
1000,0.0036988234000091325
2000,0.018961068900023293
3000,0.06529602440000418
4000,0.11658668280000484
5000,0.1834216446000255
6000,0.2753105065
7000,0.3800296318999813
8000,0.5280167664999909
9000,0.6789571738000063
10000,0.9147077618999674
