size,time
100,0.0013574900000700534
200,0.002507737000087218
300,0.0033713129999644784
400,0.004614909999872907
500,0.005451316999824485
600,0.006893143666578301
700,0.008320792333506688
800,0.009140440666669747
900,0.010430648333264495
1000,0.011580229666227146
2000,0.02663937500043782
3000,0.050016984333524306
4000,0.07851901333318285
5000,0.10263532166694252
6000,0.1264305713336095
7000,0.1925696923332604
8000,0.24107651600024838
9000,0.2731195573333025
10000,0.33191508866639197
