size,time
100,3.3565999979146e-05
200,0.00026951630001121886
300,0.00031332159999237775
400,0.0005179335000093487
500,0.00080015660000754
600,0.0011546887999998035
700,0.001547231000006377
800,0.002072317799979828
900,0.002581070299970634
1000,0.0033718798999757384
2000,0.016435891200001152
3000,0.06246834089999993
4000,0.1152095585999973
5000,0.18260314179997295
6000,0.2764237909000144
7000,0.38375441200001886
8000,0.5212704625999891
9000,0.6813706474000355
10000,0.9249030800999662
