size,time
100,3.992990002643637e-05
200,0.0003112591000103748
300,0.0003381084000125156
400,0.0005944489000285103
500,0.0009414366000214614
600,0.0013604516999862425
700,0.0018082748999972865
800,0.0024148574999799167
900,0.003018378400020083
1000,0.003818811899998309
2000,0.020899396100003288
3000,0.06512796899999103
4000,0.11672356950002723
5000,0.1840172245999952
6000,0.27565842790000944
7000,0.3798001210999701
8000,0.5280781555000089
9000,0.677760134000016
10000,0.9154863513000236
