size,time
100,9.298266650148435e-05
200,0.00016106266654484594
300,0.00021707533323933603
400,0.00037276066662646673
500,0.0005170863335782391
600,0.0007230666663720816
700,0.000981458333323341
800,0.0012506140001278254
900,0.0015695966664376708
1000,0.0019222996664514842
2000,0.007642876000015046
3000,0.02728969599957054
4000,0.04869331533336663
5000,0.07553363999977591
6000,0.10805969066647474
7000,0.14682794899969545
8000,0.1912925169999653
9000,0.24174101066667694
10000,0.29770263133317104
