size,time
100,3.622710028139409e-05
200,0.00014574799988622544
300,0.00032740409988036846
400,0.0005825171003380092
500,0.0009088785000130883
600,0.001310200200168765
700,0.0017783608996978727
800,0.002361725000082515
900,0.0030369836002137164
1000,0.0038312058997689745
2000,0.020828919599807705
3000,0.0691005849001158
4000,0.1333847899999455
5000,0.20459706550009288
6000,0.297901463600283
7000,0.4038421020997703
8000,0.6408197625001776
9000,0.7404065799999444
10000,0.9904675108004085
