size,time
100,0.0022944026668483275
200,0.00434568900012285
300,0.006156108666497555
400,0.008413821666484486
500,0.010630056333260049
600,0.012696188333393366
700,0.014192422999864599
800,0.01620721133319118
900,0.018577974666489656
1000,0.020383734667120734
2000,0.04121632799979125
3000,0.07210825400003766
4000,0.09828966200014595
5000,0.128203675999733
6000,0.16322435633325463
7000,0.19669224099955804
8000,0.23824732666677542
9000,0.2844270676663048
10000,0.33828094633342215
