size,time
20000,1.4610163341999851
30000,3.283946310700003
40000,5.837972787300032
50000,9.12252021690001
60000,13.138591380800017
70000,17.88596203009997
80000,23.350787833000048
90000,29.55009945999982
100000,36.49750353940017
