size,time
100,3.785833329554104e-05
200,0.00014706799962975006
300,0.00032931866674819804
400,0.0006435720000202613
500,0.0009295896667633011
600,0.0013691099999656824
700,0.0017983053339776234
800,0.0023518139999699392
900,0.0031362763335588775
1000,0.0036780939999516704
2000,0.014867489333482808
3000,0.05172800400002112
4000,0.09152780999981285
5000,0.14288123166685787
6000,0.2048840473329013
7000,0.2785951100001209
8000,0.36459122466627986
9000,0.4621428466668173
10000,0.5694461753328142
