size,time
100,0.002225676700072654
200,0.004243229700114171
300,0.006351014800020494
400,0.00833098430030077
500,0.010189796499616932
600,0.012419152300208226
700,0.01423387399954663
800,0.016516524999860848
900,0.018461650399876815
1000,0.020713149100083685
2000,0.041506322000350336
3000,0.0735441914999683
4000,0.10124647419997927
5000,0.13188251509945986
6000,0.16469806030017936
7000,0.2020025372998134
8000,0.2453239663998829
9000,0.2860075416003383
10000,0.3418878356000278
