size,time
20000,0.7304964623000615
30000,1.6396344852999392
40000,2.9174074527000355
50000,4.545373128899928
60000,6.546567674399967
70000,8.912904489699986
80000,11.639423314700071
90000,14.731473430100142
100000,18.188388871100052
