size,time
100,0.003819027700137667
200,0.0065264937999927495
300,0.010168532299849176
400,0.013853659000051265
