size,time
100,5.52597999558202e-05
200,0.00022335280000334022
300,0.000538699499975337
400,0.0009105232999900182
