size,time
100,3.6750899926119016e-05
200,0.00014781309982936364
300,0.0003311577002023114
400,0.0005920569996305858
500,0.0009189737002088805
600,0.0013304419997439254
700,0.0018015348998233094
800,0.0024210400999436386
900,0.002948595100315288
1000,0.0039059489001374457
2000,0.020375783399686043
3000,0.0664129591998062
4000,0.12504922289990644
5000,0.19095754550016864
6000,0.2802834025000266
7000,0.3852100630001587
8000,0.572315936799896
9000,0.7479786871001124
10000,0.9328894285001297
