size,time
100,4.515500010408383e-05
200,0.0001887513335532276
300,0.0003401970000898776
400,0.0005867313329872559
500,0.0009308216664673333
600,0.0013182506666756428
700,0.0017991223333713908
800,0.0023470943330418472
900,0.002979648666344777
1000,0.0037297066667936938
2000,0.01890477733316705
3000,0.05135829799989248
4000,0.0908298413335918
5000,0.14183221566690918
6000,0.20373393566630207
7000,0.2763065593335341
8000,0.36199763999957213
9000,0.4580829013333035
10000,0.5622782953332717
