size,time
100,3.265433285074929e-05
200,0.00012425300034616762
300,0.000278611666544748
400,0.0004918076665489934
500,0.000795749000038389
600,0.0011277486664766911
700,0.0015478933334331184
800,0.0020318629998049196
900,0.0025919583331415197
1000,0.0032616773332847515
2000,0.01635272966662645
3000,0.06410673066663246
4000,0.11504543099999864
5000,0.18623890199978632
6000,0.26857265566680627
7000,0.3658078146666715
8000,0.5435968783334223
9000,0.7002844236667443
10000,0.9018701619994923
