size,time
100,3.580290049285395e-05
200,0.00015478919976885663
300,0.00035013899960176784
400,0.0006197386999701848
500,0.0009590300998752355
600,0.0013720293993173982
700,0.0018364526997174835
800,0.002384778000305232
900,0.0030983343998741476
1000,0.0036705472997709877
2000,0.02476066469989746
3000,0.0533909567997398
4000,0.0921194466003726
5000,0.14158811409997724
6000,0.20165277949981827
7000,0.2719410351000988
8000,0.3540612354998302
9000,0.4415443119001793
10000,0.5443504097002005
