size,time
100,3.37464001859189e-05
200,0.00013160460021026664
300,0.0002892422995500965
400,0.0005165337994185393
500,0.0007969995001985807
600,0.0011556482000742107
700,0.0015959227999701397
800,0.0020658274001107203
900,0.0026646849004464458
1000,0.003263251999669592
2000,0.01702692470007605
3000,0.06502531010046368
4000,0.12323344559972611
5000,0.19394149119980283
6000,0.2820130237992998
7000,0.3789478441001847
8000,0.5263763084998573
9000,0.6936171779996585
10000,0.9463477748995501
