size,time
100,5.797560006612912e-05
200,0.00022569450011360458
300,0.0004972727000676968
400,0.0008919262000745221
