size,time
100,6.368739996105432e-05
200,0.0001630106998163683
300,0.00036015430005136294
400,0.0006182489001730574
