size,time
100,0.0024189551999938886
200,0.0044684834000008776
300,0.006567572899996321
400,0.008508092599993234
500,0.010282426400021905
600,0.012301394600035565
700,0.014441162599985092
800,0.016936000599991986
900,0.018137213400007113
1000,0.02019184379997796
2000,0.04106468280002673
3000,0.07326533500001915
4000,0.09847246729999597
5000,0.12802350890001435
6000,0.1603501855000104
7000,0.1947793795999928
8000,0.23668254909999858
9000,0.275907906700013
10000,0.3293016250000619
