size,time
100,4.447833331748067e-05
200,0.00019184033347604176
300,0.0003350349998072488
400,0.000583876333318282
500,0.0009066753333778858
600,0.0013069573333268636
700,0.0017848323335177458
800,0.002328942666584529
900,0.0029457173335079765
1000,0.0036372193332378324
2000,0.018624631999955454
3000,0.05223984633327442
4000,0.09187224333315196
5000,0.14239876966682155
6000,0.20460683300007076
7000,0.2777835710000242
8000,0.36255830199964595
9000,0.4593945600002674
10000,0.5683016550001412
