size,time
100,5.632399997921311e-05
200,0.00023718150014246931
300,0.0004962075000548794
400,0.0009104705000027025
