size,time
100,7.01160000062373e-05
200,0.00014822010000443698
300,0.0003307975999859991
400,0.0005943595000189817
500,0.0009352670000112084
600,0.0013319602999786184
700,0.0018021411999939118
800,0.002405754899996282
900,0.0030003993000036642
1000,0.003840658400019947
2000,0.02014096199998221
3000,0.06452090889998771
4000,0.12125604939999449
5000,0.194992962099991
6000,0.2839299991999951
7000,0.3793867162999959
8000,0.564049673299985
9000,0.7307798780999747
10000,0.8967603779000228
