size,time
100,3.671760096040089e-05
200,0.00014828249986749143
300,0.0003333943004690809
400,0.0005929861003096448
500,0.000990754200029187
