size,time
100,9.599229999821546e-05
200,0.00016967329999602044
300,0.0002597977999982959
400,0.0003993812000032904
500,0.000583549199996014
600,0.0008128224000017781
700,0.0010603558000013892
800,0.0014072353000074145
900,0.0016858617999957915
1000,0.0021605970000109663
2000,0.010489741100013817
3000,0.03621170159999565
4000,0.07389776770000367
5000,0.10481219620000388
6000,0.15174557139999933
7000,0.2112531175000015
8000,0.3472121136000169
9000,0.39811928530000384
10000,0.5180318408999938
