size,time
100,3.263120051997248e-05
200,0.00012714120057353285
300,0.00028445619936974255
400,0.0005063281001639553
500,0.0008600716002547415
5,0.000008
5,0.000006
5,0.000001
