size,time
100,0.002216690499699325
200,0.004169722900041961
300,0.006079262299681432
400,0.008388834400466293
500,0.010424131500258227
