size,time
100,3.785289991355967e-05
200,0.00015327190012612846
300,0.00033360790039296264
400,0.0005909218998567667
500,0.0009257090001483448
5,0.000003
5,0.000003
5,0.000003
5,0.000001
5,0.000003
5,0.000003
5,0.000004
5,0.000002
5,0.000003
5,0.000005
5,0.000001
5,0.000001
