size,time
100,0.0020953164999923503
200,0.004093727099996158
300,0.0057642506000149755
400,0.007736508500011041
500,0.009448050499992177
600,0.011680565400001796
700,0.014705528800004686
800,0.015307754599979262
900,0.017213632199985795
1000,0.019255998500005943
2000,0.04096970680000141
3000,0.07371814989999166
4000,0.10904173749999586
5000,0.150843697099981
6000,0.2006812521000029
7000,0.2592682660000037
8000,0.3282878772999993
9000,0.40089675070000796
10000,0.4886560262999751
