size,time
100,4.350019999606047e-05
200,0.00015250280000032035
300,0.00033260900000868786
400,0.0005789942999967935
500,0.0008950708000043051
600,0.0012861457999974845
700,0.0017252528999961215
800,0.002287102700000787
900,0.0028864453999972286
1000,0.0037024062000000414
2000,0.018526730100001033
3000,0.06442314330000727
4000,0.11593009549999352
5000,0.18235192500000608
6000,0.2670231716999979
7000,0.362165374500006
8000,0.5374951035999971
9000,0.6752785180000046
10000,0.9076088572000003
