size,time
100,4.225440001164316e-05
200,0.00015404579998516964
300,0.000339005299991868
400,0.0006046762999972089
500,0.0009590231999993648
600,0.0013503703999958815
700,0.0018318639000028726
800,0.0024615127000060964
900,0.0030405734999987997
1000,0.00395061530001044
2000,0.020453944499996622
3000,0.06550706759998662
4000,0.12683551970000623
5000,0.19126917720000164
6000,0.2835796242999947
7000,0.39425252220000856
8000,0.6015368781999882
9000,0.7376934484999993
10000,0.9456205967000187
