size,time
100,3.751760013983585e-05
200,9.38291002967162e-05
300,0.0001840313012507977
400,0.0003119193996099057
