size,time
100,0.0021625896002660737
200,0.00416744829963136
300,0.006057681599486386
400,0.008314612700269208
500,0.010365223199914907
5,0.002569
5,0.001827
5,0.001775
