size,time
100,4.4328399997084486e-05
200,0.00015713400001118316
300,0.0003449580000108199
400,0.0006064005000041561
500,0.0009781973999963612
600,0.0013576425999985986
700,0.0018418544000041947
800,0.002410854999999401
900,0.0030506009999953674
1000,0.0038599331999989773
2000,0.020480663299997558
3000,0.06335469409999064
4000,0.11435936029999424
5000,0.17966379889999756
6000,0.26342806839999755
7000,0.35744314179999603
8000,0.5332659602000035
9000,0.6697326581000027
10000,0.9029004185000076
