size,time
100,3.1044200659380296e-05
200,0.00012017159970127978
300,0.00026758359999803363
400,0.0004851015997701325
500,0.000759738999477122
5,0.000005
5,0.000001
5,0.000005
5,0.000001
5,0.000005
5,0.000004
5,0.000004
5,0.000001
5,0.000006
5,0.000005
5,70.933239
5,33.873243
5,0.000006
5,0.000006
5,0.000006
5,0.000008
