size,time
100,3.668179997475818e-05
200,0.00014051030011614786
300,0.0003166414000588702
400,0.0005663540996465599
500,0.0008734170001844177
