size,time
100,4.053219963680021e-05
200,0.00010899699955189135
300,0.00022157089952088427
400,0.0004300498007069109
500,0.0005439619995740941
