size,time
100,3.834430026472546e-05
200,0.00016366950039810036
300,0.00036313230084488167
400,0.0006448697997257114
500,0.0010008421006205026
5,0.000007
5,0.000007
