size,time
100,3.68250000065018e-05
200,0.00012889470000345681
300,0.00028248559999610734
400,0.0004992889999925864
500,0.0007829201999868474
600,0.001133420500008242
700,0.0015361689000087607
800,0.002023978000011084
900,0.0025970885000106136
1000,0.0032126548000064757
2000,0.016313870200002613
3000,0.061700474299993854
4000,0.11358237709999344
5000,0.18052761889998692
6000,0.2651888270000029
7000,0.36188222970000083
8000,0.533225725200009
9000,0.6755176509999956
10000,0.9191769058000091
