size,time
100,3.669800025818404e-05
200,0.00014613009952881839
300,0.0003281219000200508
400,0.0005830625999806216
500,0.000917158899756032
