size,time
100,4.1924899994683075e-05
200,0.00015378069999201217
300,0.0003413289000036457
400,0.0006113543999958892
500,0.0009770510000123521
600,0.001367369599995527
700,0.00185635560000037
800,0.0025143347999971866
900,0.0030963982999935523
1000,0.004047842600010653
2000,0.020111021999997546
3000,0.06689657000000011
4000,0.1266088420000017
5000,0.19475293850000525
6000,0.28578606790001115
7000,0.3912451831000112
8000,0.6510671227000046
9000,0.7278094472999953
10000,0.9690752615000292
