size,time
100,3.6248100150260144e-05
200,0.00014575740024156403
300,0.0003269372999056941
400,0.0005822971001180121
500,0.0009116092998738168
