size,time
100,3.221879996999633e-05
200,0.00013804419941152447
300,0.0002830108001944609
400,0.0005049332005000906
500,0.0008697817003849196
